"","Serial_No_grepl","Serial_Chr_grepl","Character_ID_grepl","Character_ID_SameLength"
"1",0.479392051696777,0.457526922225952,1000000000000000.1418559551239,0.468936920166016
"2",0.475465059280396,0.755465984344482,1.86470699310303,0.480391025543213
"3",2.31900787353516,0.517416954040527,1.87725615501404,0.806349992752075
"4",0.472464084625244,0.473305940628052,1.90748190879822,1.43838715553284
"5",2.7990710735321,0.477444171905518,1.91064405441284,0.509259939193726
"6",0.470421075820923,0.471694946289062,1.97182488441467,0.519259929656982
"7",0.468477010726929,0.472965955734253,2.1481020450592,0.530224084854126
"8",0.498324155807495,0.750266075134277,1.96305513381958,0.763442039489746
"9",0.460481882095337,0.470149993896484,1.87486577033997,0.490356922149658
"10",0.455542087554932,0.46622896194458,2.01099109649658,0.493352890014648
"11",0.718638896942139,0.469710111618042,1.91414403915405,0.480420112609863
"12",0.494313955307007,0.471616983413696,2.1838710308075,0.589988946914673
"13",0.46344518661499,0.759964942932129,1.909255027771,0.855919122695923
"14",0.45547080039978,0.469198942184448,1.88980197906494,0.507804870605469
"15",0.465166091918945,0.483659982681274,1.91860795021057,0.492347955703735
"16",0.743558883666992,0.501894950866699,1.88772892951965,0.499327182769775
"17",0.476402044296265,0.521268129348755,2.16991305351257,0.768539905548096
"18",0.451431035995483,0.808454036712646,1.88870906829834,0.479359865188599
"19",0.45751690864563,0.500200033187866,1.90955305099487,0.486407041549683
"20",0.462398052215576,0.520534992218018,1.90183782577515,0.496335983276367
"21",0.681771993637085,0.523519039154053,1.90781211853027,0.502285003662109
"22",0.451465129852295,0.532180786132812,2.17832803726196,0.737619161605835
"23",0.455135822296143,0.562594175338745,1.8910698890686,0.493345975875854
"24",0.455471038818359,0.818727970123291,1.88980412483215,0.500279903411865
"25",0.484387159347534,0.518322944641113,1.89773893356323,0.499326944351196
"26",0.683171033859253,0.515329122543335,2.19234299659729,0.765436172485352
"27",0.457459926605225,0.579145908355713,1.88476181030273,0.486407041549683
"28",0.453410863876343,0.557095050811768,2.01140403747559,0.499290943145752
"29",0.464035034179688,0.866239070892334,1.94755911827087,0.49733304977417
"30",0.455482006072998,0.578065872192383,1.90488386154175,0.798963785171509
"31",0.683758020401001,0.5521399974823,2.15801811218262,0.515276193618774
"32",0.456570148468018,0.545183181762695,1.88353204727173,0.586216926574707
"33",0.474363803863525,0.527232885360718,1.89332389831543,0.565106868743896
"34",0.464442014694214,0.791123151779175,1.89498591423035,0.78835916519165
"35",0.46212100982666,0.495535850524902,1.92317318916321,0.493396997451782
"36",0.679761171340942,0.509325981140137,2.3072338104248,0.518213033676147
"37",0.472862005233765,0.557669878005981,1.91428709030151,0.526333093643188
"38",0.485419988632202,0.730789184570312,2.09858298301697,0.7724289894104
"39",0.470347881317139,0.862928867340088,1.91781091690063,0.480391025543213
"40",0.467230081558228,0.550201177597046,2.20938396453857,0.512283802032471
"41",0.724442958831787,0.536473989486694,1.94813323020935,0.793344020843506
"42",0.458494901657104,0.518358945846558,2.4050018787384,0.493386030197144
"43",0.451219081878662,0.56306004524231,2.15208601951599,0.500369071960449
"44",0.464547872543335,0.793481826782227,1.88875389099121,0.504528045654297
"45",0.469878196716309,0.49265193939209,2.1773521900177,0.803967952728271
"46",2.02428293228149,0.519224166870117,1.885657787323,0.490349054336548
"47",0.470916986465454,0.649817943572998,1.92555713653564,0.496338844299316
"48",0.466386079788208,0.597994089126587,1.97952795028687,0.762485027313232
"49",0.454109907150269,0.803938150405884,2.1887149810791,0.492317914962769
"50",0.487874984741211,0.48441481590271,1.90900897979736,0.497332096099854
"51",0.467978000640869,0.478404998779297,1.91372799873352,0.774405956268311
"52",0.694668054580688,0.478394985198975,1.88590002059937,0.482385158538818
"53",0.461446046829224,0.48639702796936,2.18568110466003,0.528064012527466
"54",0.458405017852783,0.733543157577515,1.88816094398499,0.786367177963257
"55",0.470472812652588,0.483433961868286,1.92019605636597,0.505343914031982
"56",0.466437101364136,0.484423875808716,1.90457105636597,0.531699895858765
"57",0.685585021972656,0.483359098434448,2.18630599975586,0.786365032196045
"58",0.464533090591431,0.784365892410278,1.91172981262207,0.522249937057495
"59",0.465483903884888,0.486376047134399,1.95510911941528,0.794420003890991
"60",0.443535089492798,0.489864110946655,1.94297695159912,0.513273000717163
"61",0.446955919265747,0.552833080291748,2.35644698143005,0.512294054031372
"62",0.658788919448853,0.550743818283081,1.90218210220337,0.746531963348389
"63",0.448537111282349,0.782047986984253,1.910640001297,0.490357875823975
"64",0.450498104095459,0.48830509185791,1.93007802963257,0.756510019302368
"65",0.440470933914185,0.517266035079956,2.19810605049133,0.487396955490112
"66",0.442523002624512,0.542404890060425,1.94746494293213,0.777359008789062
"67",0.460462093353271,0.520341157913208,1.89858913421631,0.49442195892334
"68",0.697786808013916,0.802332878112793,1.9226930141449,0.757423162460327
"69",0.47197413444519,0.537699937820435,2.21946692466736,0.584061861038208
"70",0.469461917877197,0.702790021896362,1.89761996269226,0.531375169754028
"71",0.478013038635254,0.53396201133728,1.9266140460968,0.503350973129272
"72",0.476447105407715,0.793976068496704,1.9018440246582,0.527465105056763
"73",0.679733991622925,0.483105897903442,2.22449707984924,0.784966945648193
"74",0.47737193107605,0.467257022857666,1.89424896240234,0.489354133605957
"75",0.458527088165283,0.469956159591675,1.88078308105469,0.539202928543091
"76",0.460462808609009,0.60969090461731,1.93028092384338,0.541692018508911
"77",0.478391170501709,0.81931209564209,2.19758892059326,0.523289918899536
"78",0.674769878387451,0.9564049243927,1.94647216796875,0.794295072555542
"79",0.452976942062378,0.482347011566162,1.92514085769653,0.519346952438354
"80",0.461493968963623,0.595130920410156,1.88563203811646,0.513280153274536
"81",0.560474157333374,0.990801095962524,1.92959499359131,0.579661846160889
"82",0.771283864974976,0.641929864883423,1.90524792671204,0.982262134552002
"83",0.692645072937012,0.708554029464722,2.19264817237854,1.15865302085876
"84",0.461426973342896,0.864763975143433,1.88487696647644,1.0245668888092
"85",0.463109016418457,0.870249032974243,1.89244604110718,1.01087093353271
"86",0.460456132888794,0.578315019607544,1.92858481407166,0.708635091781616
"87",0.46444296836853,0.53528904914856,2.10457706451416,0.875123023986816
"88",0.675954818725586,0.485497951507568,2.28420209884644,0.554149866104126
"89",0.459449052810669,0.736994981765747,1.97544193267822,0.582082986831665
"90",0.463441848754883,0.48673415184021,1.98477005958557,0.559126138687134
"91",0.469390153884888,0.484174013137817,1.96505498886108,0.815304040908813
"92",0.474409103393555,0.480080842971802,1.97644281387329,0.535199880599976
"93",0.709053039550781,0.752865076065063,1.95331597328186,0.533252954483032
"94",0.476992845535278,0.539000034332275,2.23155689239502,0.501312971115112
"95",0.483757972717285,0.573230028152466,1.94955205917358,0.768203020095825
"96",0.486086130142212,0.598054885864258,2.05811285972595,0.482386112213135
"97",0.517597913742065,0.576280117034912,2.07516121864319,0.499325037002563
"98",0.748788118362427,0.797430992126465,2.01014494895935,0.65154504776001
"99",0.482823848724365,0.711982011795044,2.25701498985291,0.831211805343628
"100",0.495306968688965,0.598039865493774,1.9523138999939,0.520256996154785
"101",0.499151945114136,0.568791151046753,1.94354510307312,0.523498058319092
"102",0.703598022460938,0.814357995986938,1.95061492919922,0.511320114135742
"103",0.475433111190796,0.517535924911499,2.16335892677307,0.774981021881104
"104",0.485610008239746,0.610748052597046,2.7713770866394,0.474402904510498
"105",0.472627878189087,0.522254943847656,1.89885902404785,0.530226945877075
"106",0.479995965957642,0.612496852874756,1.89873194694519,0.558165073394775
"107",0.692061185836792,0.803363084793091,1.91980004310608,0.800283908843994
"108",0.480012893676758,0.513520956039429,1.8947868347168,0.584082126617432
"109",0.481065034866333,0.532788038253784,2.18088603019714,0.582010984420776
"110",0.479701995849609,0.546256065368652,1.90494012832642,0.883245944976807
"111",0.701503038406372,0.794440984725952,1.9006199836731,0.574220895767212
"112",0.48586893081665,0.908164024353027,1.90162801742554,0.573122024536133
"113",0.484393119812012,0.56532883644104,1.89031791687012,0.83175802230835
"114",0.4771728515625,0.57919716835022,2.17468190193176,0.523282051086426
"115",0.48124098777771,0.537959814071655,1.88788104057312,0.537904024124146
"116",0.686800003051758,0.564268112182617,1.9126410484314,0.868172883987427
"117",0.486857175827026,0.555649995803833,1.90084195137024,0.654803037643433
"118",0.491141796112061,0.803057909011841,1.90090894699097,0.557168960571289
"119",0.480872869491577,0.52557110786438,2.18310403823853,0.790209054946899
"120",0.701202154159546,0.510470867156982,1.8731050491333,0.492974042892456
"121",0.494685888290405,0.518015146255493,1.88473200798035,0.497330904006958
"122",0.48039698600769,0.517411947250366,1.89974904060364,0.882054090499878
"123",0.48464298248291,0.793445110321045,1.89365696907043,0.499323129653931
"124",0.708646059036255,0.509109020233154,2.16270089149475,0.523284912109375
"125",0.47945499420166,0.536845922470093,1.88790011405945,0.77358603477478
"126",0.475089073181152,0.526230096817017,1.94647097587585,0.498966932296753
"127",0.475123882293701,0.556721925735474,1.91960597038269,0.7913498878479
"128",0.727060079574585,0.838188171386719,1.9142210483551,0.576145172119141
"129",0.502007007598877,0.515271902084351,2.22832107543945,0.529860019683838
"130",0.494670867919922,0.481390953063965,1.88666796684265,0.799876928329468
"131",0.481837034225464,0.517251014709473,1.92701292037964,0.56331992149353
"132",0.483445167541504,0.526237010955811,1.92441892623901,0.956578969955444
"133",0.693965911865234,0.780319929122925,1.88262009620667,0.566142082214355
"134",0.478178024291992,0.4743971824646,2.19576191902161,0.799323081970215
"135",0.480046033859253,0.485412836074829,1.87471008300781,0.491359949111938
"136",0.483336925506592,0.477356195449829,1.89687705039978,0.763442039489746
"137",0.696454048156738,0.478978872299194,1.89564990997314,0.759629011154175
"138",0.472888946533203,0.75545597076416,1.90963792800903,0.478389978408813
"139",0.475636959075928,0.493360042572021,2.17411518096924,0.499290943145752
"140",0.68994402885437,0.901924848556519,1.88923692703247,0.656799077987671
"141",0.478765964508057,0.503473997116089,1.89890289306641,0.851192951202393
"142",0.48347806930542,0.618000984191895,1.89962792396545,1.12024807929993
"143",0.471009969711304,0.955177068710327,2.16226506233215,0.558184862136841
"144",0.704456090927124,0.603857040405273,1.91667795181274,0.511246919631958
"145",0.479174852371216,0.514237880706787,1.89914011955261,0.503319025039673
"146",0.479990005493164,0.514324188232422,1.88690686225891,0.49665904045105
"147",0.489926099777222,0.578794002532959,1.90161514282227,0.776404142379761
"148",0.484560966491699,0.867088794708252,2.19668889045715,0.475437879562378
"149",0.47083592414856,0.515972137451172,1.88567996025085,0.497332096099854
"150",0.680501937866211,0.492732048034668,1.93256306648254,0.564195871353149
"151",0.480289936065674,0.479267835617065,1.93796396255493,0.5940260887146
"152",0.474780082702637,0.48702597618103,2.17471194267273,0.799321889877319
"153",0.480625867843628,0.754861116409302,1.92867302894592,0.520952939987183
"154",0.475633144378662,0.461668968200684,1.91861200332642,0.507293939590454
"155",0.675084829330444,0.474942922592163,1.93813395500183,0.503304004669189
"156",0.472618103027344,0.470947980880737,1.91767501831055,0.526236057281494
"157",0.481193065643311,0.479135036468506,2.21726512908936,0.819597959518433
"158",0.471133947372437,0.754940986633301,1.90661191940308,0.569597959518433
"159",0.471252918243408,0.469413995742798,1.92974209785461,0.626166105270386
"160",0.683623075485229,0.471297025680542,1.91263103485107,0.709176063537598
"161",0.481724977493286,0.47943377494812,2.16972589492798,0.904364824295044
"162",0.491794109344482,0.750690221786499,1.92350912094116,0.517235040664673
"163",0.461536884307861,0.546162843704224,1.90381479263306,0.507918119430542
"164",0.465402126312256,0.544916152954102,1.91314101219177,0.509294033050537
"165",0.70168399810791,0.526968002319336,2.23656105995178,0.7809739112854
"166",0.464440822601318,0.492073774337769,1.90865993499756,0.533277034759521
"167",0.478085994720459,0.750352144241333,1.91014194488525,0.57850193977356
"168",0.477965116500854,0.458652973175049,1.90053415298462,0.589066028594971
"169",0.461099863052368,0.469340085983276,2.19232988357544,0.829280853271484
"170",0.684497117996216,0.594019889831543,1.90664196014404,0.547160148620605
"171",0.461452960968018,0.890007019042969,1.92050218582153,0.578062057495117
"172",0.467530965805054,0.473498821258545,1.90755581855774,0.528227806091309
"173",0.48481297492981,0.466436147689819,2.17974019050598,0.779662132263184
"174",0.461406946182251,0.465442895889282,1.88973784446716,0.497360944747925
"175",0.670831918716431,0.745509147644043,1.90975713729858,0.496442079544067
"176",0.475628137588501,0.459527015686035,1.91068291664124,0.498328924179077
"177",0.47855806350708,0.472417831420898,2.18871593475342,0.776400089263916
"178",0.469797849655151,0.471456050872803,1.94348502159119,0.487607955932617
"179",0.462867021560669,0.74052095413208,1.92464900016785,0.495343923568726
"180",0.70545506477356,0.452486038208008,1.92421698570251,0.497338056564331
"181",0.485708951950073,0.468429088592529,1.91336703300476,0.769463062286377
"182",0.497375965118408,0.478488922119141,1.89958691596985,0.478389024734497
"183",0.473429918289185,0.763437986373901,2.18780708312988,0.495339870452881
"184",0.472090005874634,0.618921995162964,1.93555903434753,0.759499073028564
"185",0.693528175354004,0.548262119293213,2.01730298995972,0.471415996551514
"186",0.472914934158325,0.496162891387939,1.97129797935486,0.487408876419067
"187",0.480388879776001,0.754473924636841,2.01130104064941,0.776405096054077
"188",0.474465847015381,0.455504179000854,2.5202579498291,0.488354921340942
"189",0.478394031524658,0.463452816009521,1.91569399833679,0.515268087387085
"190",0.680739164352417,0.494341135025024,1.89785599708557,0.500324010848999
"191",0.467473983764648,0.752431869506836,1.89151382446289,0.761472940444946
"192",0.466437816619873,0.456514120101929,1.91668605804443,0.478395938873291
"193",0.472477197647095,0.467429876327515,1.90067791938782,0.489374160766602
"194",0.475414991378784,0.483415126800537,2.15640020370483,0.75452184677124
"195",0.679826021194458,0.789906978607178,1.9069299697876,0.473407983779907
"196",0.470376968383789,0.627460956573486,1.89319205284119,0.782341957092285
"197",0.488404989242554,0.661926031112671,1.88372802734375,0.525285005569458
"198",0.465436935424805,0.596899032592773,1.91457796096802,0.502306938171387
"199",0.683439016342163,2.2676990032196,2.16985893249512,0.780838012695312
"200",0.465404987335205,0.483777046203613,1.87366914749146,0.580054044723511
"201",0.464440107345581,0.499459028244019,1.91638398170471,0.705678939819336
"202",0.475382804870605,0.48435378074646,1.90624690055847,0.88499116897583
"203",0.464425086975098,0.528683185577393,1.90465712547302,0.637912034988403
"204",0.690145015716553,0.609247922897339,2.18325400352478,0.798303842544556
"205",0.471662044525146,0.747738838195801,1.8887619972229,0.498331069946289
"206",0.575227975845337,0.479860067367554,1.91525387763977,0.801315069198608
"207",0.49514102935791,0.494085073471069,1.89180898666382,0.520457983016968
"208",0.685585021972656,0.511008977890015,1.90270805358887,0.797516822814941
"209",0.468565940856934,0.487920999526978,1.9171199798584,0.490411043167114
"210",0.464466094970703,0.791851997375488,2.19274711608887,0.778350114822388
"211",0.464116811752319,0.523000001907349,1.89265489578247,0.487411022186279
"212",0.665996074676514,0.535318851470947,1.89090299606323,0.772413969039917
"213",0.457839012145996,0.547784090042114,1.90365409851074,0.483181953430176
"214",0.473176956176758,0.547781944274902,1.90078687667847,0.512277126312256
"215",0.47500205039978,0.903090953826904,2.20376300811768,0.493346929550171
"216",0.6825110912323,0.526429176330566,1.87272095680237,0.519269943237305
"217",0.491193056106567,0.533896207809448,2.15977215766907,0.887722015380859
"218",0.492960929870605,0.513729810714722,1.89572787284851,0.551143884658813
"219",0.534152030944824,0.506299018859863,1.91251802444458,0.513280153274536
"220",0.703845024108887,0.505633115768433,2.17854309082031,0.505173921585083
"221",0.463817834854126,0.803964853286743,1.88573098182678,0.523283004760742
"222",0.468958139419556,0.505256175994873,1.91531896591187,0.771480083465576
"223",0.458355903625488,0.513278007507324,1.92653203010559,0.485334873199463
"224",0.666317939758301,0.517299175262451,1.91804790496826,0.496381044387817
"225",0.46884822845459,0.5282301902771,2.1964430809021,0.516418933868408
"226",0.467063903808594,0.785329818725586,1.89666295051575,0.578112125396729
"227",0.507004976272583,0.507331132888794,1.9037139415741,0.782415151596069
"228",0.701019048690796,0.523253917694092,1.92769598960876,0.506814956665039
"229",0.468381881713867,0.568125009536743,1.89265203475952,0.494379997253418
"230",0.466704130172729,0.559094905853271,2.16573810577393,0.503354072570801
"231",0.463413000106812,0.961842060089111,1.85378384590149,0.800958156585693
"232",0.686235904693604,0.494301080703735,1.91388010978699,0.536159038543701
"233",0.474483966827393,0.506381988525391,1.88464093208313,0.555132865905762
"234",0.474413156509399,0.511291980743408,1.89252614974976,0.549127101898193
"235",0.457515001296997,0.498286008834839,2.16676783561707,0.550201892852783
"236",0.666709899902344,0.764436006546021,1.88124203681946,0.861374139785767
"237",0.471417903900146,0.468461990356445,1.89762592315674,0.613987922668457
"238",0.457526206970215,0.50435996055603,1.91574716567993,0.572168111801147
"239",0.450475931167603,0.512324094772339,1.888347864151,0.538442850112915
"240",0.686717987060547,0.50131893157959,2.1583240032196,0.880003929138184
"241",0.458024978637695,0.782589912414551,1.86769104003906,0.582056999206543
"242",0.451482057571411,0.521291017532349,1.88876605033875,0.551196098327637
"243",0.492510795593262,0.517263174057007,1.88535594940186,0.52822208404541
"244",0.547160148620605,0.505331993103027,2.14680695533752,0.819255828857422
"245",0.703161954879761,0.519222974777222,1.87135410308838,0.498295068740845
"246",0.501345872879028,0.787055969238281,1.88568091392517,0.499328136444092
"247",0.479398012161255,0.512276887893677,1.89328408241272,0.501319885253906
"248",0.461405992507935,0.531264066696167,1.93885207176208,0.77204704284668
"249",0.488546133041382,0.526293039321899,2.17243981361389,0.478397846221924
"250",0.668283939361572,0.793904066085815,1.89473700523376,0.487425088882446
"251",0.470309972763062,0.594058036804199,1.90261602401733,0.491511106491089
"252",0.464400053024292,0.547711849212646,1.89681386947632,0.767437934875488
"253",0.445550918579102,0.517300128936768,1.91353416442871,0.530189037322998
"254",0.454429149627686,0.510200023651123,2.16496276855469,0.552166938781738
"255",0.438568830490112,0.842185974121094,1.86637902259827,0.876147031784058
"256",0.669770002365112,0.520298004150391,1.89963698387146,0.712553977966309
"257",0.469366073608398,0.519212961196899,1.89253616333008,0.654083013534546
"258",0.453478097915649,0.499327898025513,2.15947699546814,0.551147937774658
"259",0.464582920074463,0.787192106246948,1.86375093460083,0.778471946716309
"260",0.45905590057373,0.499316930770874,1.89737391471863,0.475389003753662
"261",0.673738956451416,0.499324083328247,1.9022490978241,0.486377000808716
"262",0.469344139099121,0.495337009429932,1.90534090995789,0.975389003753662
"263",0.454509019851685,0.525321960449219,2.1897931098938,0.620877981185913
"264",0.466398000717163,0.792913913726807,1.85673999786377,0.734292984008789
"265",0.454969882965088,0.478440999984741,1.89903402328491,0.98081111907959
"266",0.659778118133545,0.547214984893799,1.89856100082397,0.545174837112427
"267",0.470471858978271,0.533252954483032,2.15491604804993,0.533178091049194
"268",0.500378131866455,0.784942150115967,1.88289189338684,0.911269903182983
"269",0.478394985198975,0.488322019577026,1.89863801002502,0.521292209625244
"270",0.46713399887085,0.595155000686646,1.89561009407043,0.503497838973999
"271",0.684128046035767,0.56510591506958,2.16381192207336,0.764441013336182
"272",0.454494953155518,0.534656047821045,1.86473202705383,0.495337963104248
"273",0.47749400138855,0.769464015960693,1.90282702445984,0.521372079849243
"274",0.480427026748657,0.460413932800293,1.88105797767639,0.772881984710693
"275",0.48238205909729,0.466542959213257,2.15977787971497,0.621145963668823
"276",0.69025993347168,0.519150018692017,1.88944911956787,0.902509927749634
"277",0.470753192901611,0.921908140182495,1.92873692512512,0.571367979049683
"278",0.501260995864868,0.65923810005188,1.90758109092712,0.827337980270386
"279",0.467429876327515,0.604974031448364,2.2246458530426,0.534524202346802
"280",0.443546056747437,0.564103841781616,1.87820219993591,0.778392791748047
"281",0.663398027420044,0.806258916854858,1.92752695083618,0.493353128433228
"282",0.470394849777222,0.485476970672607,1.92156100273132,0.786391973495483
"283",0.489173173904419,0.514787197113037,1.92196702957153,0.590044975280762
"284",0.468426942825317,0.536602020263672,1.92254900932312,1.95947980880737
"285",0.464093923568726,0.832629919052124,2.13580989837646,0.460455179214478
"286",0.670689105987549,0.516327857971191,1.90166711807251,0.47934889793396
"287",0.46063494682312,0.499330043792725,1.88278388977051,0.485295057296753
"288",0.473417043685913,0.48832106590271,1.9086549282074,0.494379043579102
"289",0.460000991821289,0.753515005111694,1.90561318397522,0.699553966522217
"290",0.468544006347656,0.465924024581909,2.34338784217834,0.4963059425354
"291",0.666811943054199,0.483419895172119,1.87418103218079,0.500381946563721
"292",0.454491138458252,0.47740912437439,1.89370107650757,0.491356134414673
"293",0.460445880889893,0.749439001083374,1.90572619438171,0.494516849517822
"294",0.451436996459961,0.461498975753784,1.91865682601929,0.701170206069946
"295",0.473468065261841,0.486368894577026,1.90417814254761,0.501354932785034
"296",0.686516046524048,0.477400064468384,2.18207478523254,0.495391845703125
"297",0.4565110206604,0.754463911056519,1.87974405288696,0.495382070541382
"298",0.545628786087036,0.472449064254761,1.90286493301392,0.50127911567688
"299",0.508620023727417,0.477463960647583,1.91657304763794,0.711194038391113
"300",0.741053104400635,0.580063104629517,1.91920614242554,0.503307104110718
"301",0.489413976669312,0.549104928970337,2.17199897766113,0.523218870162964
"302",0.464468002319336,0.801389932632446,1.87388396263123,0.507297992706299
"303",0.50236701965332,0.460453033447266,1.89590501785278,0.51427698135376
"304",0.483493089675903,0.476361036300659,1.90196800231934,0.720080137252808
"305",0.709714889526367,0.47544002532959,1.89722895622253,0.498331069946289
"306",0.485608100891113,0.486417055130005,2.17422604560852,0.510018825531006
"307",0.469424962997437,0.734460830688477,1.89669609069824,0.515308141708374
"308",0.471812963485718,0.459459066390991,1.90158104896545,0.714615821838379
"309",0.68156099319458,0.45452094078064,1.90262198448181,0.493305206298828
"310",0.470225095748901,0.472418069839478,1.94854593276978,0.502314805984497
"311",0.458024978637695,0.498328924179077,1.93042707443237,0.492353200912476
"312",0.482878923416138,0.491343021392822,2.2355010509491,0.495880842208862
"313",0.681554079055786,0.752981901168823,1.90891695022583,0.708626985549927
"314",0.482360124588013,0.464445114135742,1.89326095581055,0.491361141204834
"315",0.477628946304321,0.492464065551758,1.89220690727234,0.545166015625
"316",0.452457904815674,0.492341995239258,2.03096103668213,0.538163900375366
"317",0.675703048706055,0.467479944229126,3.09575915336609,0.712280988693237
"318",0.474653005599976,0.738121032714844,1.94877886772156,0.53177809715271
"319",0.522190093994141,0.46045184135437,1.94649505615234,0.521252870559692
"320",0.444702863693237,0.464438199996948,2.30097603797913,0.51029109954834
"321",0.649871110916138,0.475458860397339,2.98620796203613,0.716147899627686
"322",0.481329917907715,0.479385137557983,2.6222550868988,0.574120044708252
"323",0.447553157806396,0.759450912475586,2.03840398788452,0.565068960189819
"324",0.473748922348022,0.468425989151001,1.91754078865051,0.68274188041687
"325",0.704792976379395,0.491318941116333,1.88378119468689,1.02787399291992
"326",0.479456901550293,0.507331132888794,1.95887804031372,0.784877061843872
"327",0.46052098274231,0.520264863967896,2.24766182899475,0.605967044830322
"328",0.465426206588745,0.83220100402832,1.8938000202179,0.521255016326904
"329",0.69271993637085,0.572118043899536,1.95595812797546,0.708137989044189
"330",0.462503910064697,0.524271965026855,1.91172194480896,0.490401983261108
"331",0.457450151443481,0.491307020187378,2.14384198188782,0.524235963821411
"332",0.463449954986572,0.502943992614746,2.17591404914856,0.731549024581909
"333",0.689642906188965,0.776358842849731,1.88873505592346,0.50975489616394
"334",0.45447301864624,0.48198413848877,1.91321682929993,0.510300159454346
"335",0.476223945617676,0.491955041885376,1.92679214477539,0.529220819473267
"336",0.473462104797363,0.50626802444458,2.24152898788452,0.735605001449585
"337",0.688796997070312,0.537233829498291,2.28224492073059,0.608438014984131
"338",0.478370904922485,0.736528158187866,1.93846297264099,0.643850088119507
"339",0.481934070587158,0.497426986694336,1.87400197982788,0.761447906494141
"340",0.493396043777466,0.516263008117676,1.90569305419922,0.557188987731934
"341",0.503298044204712,0.519352912902832,2.18875002861023,0.584129095077515
"342",0.506050825119019,0.773129940032959,1.93176198005676,0.803030014038086
"343",0.7744300365448,0.493380069732666,1.93015599250793,0.573687076568604
"344",0.502816915512085,0.509259939193726,1.89365100860596,0.667502880096436
"345",0.493889093399048,0.527271032333374,1.98288011550903,1.01898193359375
"346",0.496135950088501,0.513278007507324,2.38317084312439,0.680771112442017
"347",0.511849164962769,0.804840087890625,2.08650612831116,0.596926927566528
"348",0.738878965377808,0.505554914474487,1.94118905067444,0.738614082336426
"349",0.506855010986328,0.488322019577026,2.00505495071411,0.542181015014648
"350",0.477929830551147,0.583086013793945,2.2040479183197,0.72153902053833
"351",0.484332084655762,0.578060865402222,2.01748609542847,0.492400884628296
"352",0.494440078735352,0.801374197006226,1.97745895385742,0.516494989395142
"353",0.690814018249512,0.451485872268677,1.95739507675171,0.703182935714722
"354",0.471577882766724,0.457463979721069,1.98140811920166,0.508416175842285
"355",0.480374097824097,0.45846700668335,2.23650693893433,0.713824987411499
"356",0.48542594909668,0.7274169921875,1.92251300811768,0.497330904006958
"357",0.470054149627686,0.451429128646851,1.89511203765869,0.702646017074585
"358",0.70176100730896,0.458503007888794,2.00287795066833,0.486971139907837
"359",0.485320806503296,0.454485893249512,2.36059498786926,0.697809934616089
"360",0.473062038421631,0.72855806350708,2.04747200012207,0.491353988647461
"361",0.490357160568237,0.459452867507935,1.96346116065979,0.688961029052734
"362",0.472417831420898,0.45447301864624,1.96245384216309,0.776437044143677
"363",0.46953010559082,0.460505962371826,2.03459215164185,0.585813999176025
"364",0.696079969406128,0.46642804145813,2.28488898277283,0.546308040618896
"365",0.46942400932312,0.721107006072998,2.08943486213684,0.55619215965271
"366",0.475471019744873,0.458004951477051,1.89732313156128,0.538203954696655
"367",0.479323863983154,0.490362882614136,1.98417091369629,0.731503009796143
"368",0.467486143112183,0.490324020385742,2.40822196006775,0.537819862365723
"369",0.684456825256348,0.746696949005127,1.9909930229187,0.510326147079468
"370",0.469426155090332,0.470424175262451,1.90366196632385,0.516271829605103
"371",0.475455045700073,0.486583948135376,1.99741315841675,0.501312017440796
"372",0.474541902542114,0.480381965637207,2.38872790336609,0.707334995269775
"373",0.493335008621216,0.762485980987549,1.90492510795593,0.488365173339844
"374",0.694669008255005,0.503466844558716,1.92855286598206,0.499279975891113
"375",0.489155054092407,0.492336988449097,1.99332904815674,0.507083892822266
"376",0.472558975219727,0.522256135940552,2.47593903541565,0.514279127120972
"377",0.488462924957275,0.807281970977783,2.5123438835144,0.706642866134644
"378",0.701694011688232,0.507292985916138,2.17481422424316,0.511507987976074
"379",0.510250091552734,0.588099956512451,2.23914980888367,0.516304016113281
"380",0.482173919677734,0.561119079589844,2.14297103881836,0.530285120010376
"381",0.478909969329834,0.828212976455688,3.61324095726013,0.733525991439819
"382",0.480924129486084,0.519413948059082,2.14588403701782,0.532187938690186
"383",0.698730945587158,0.548243045806885,2.19067597389221,0.536525964736938
"384",0.47448205947876,0.526237964630127,2.06905007362366,0.529236078262329
"385",0.48839282989502,0.775434970855713,2.19767189025879,0.527390003204346
"386",0.482083082199097,0.570093154907227,2.48462009429932,0.825402975082397
"387",0.478950977325439,0.546233892440796,2.06330108642578,0.656386852264404
"388",0.723067998886108,0.544171094894409,2.06380701065063,0.726450204849243
"389",0.476963996887207,0.831315994262695,2.03990483283997,0.640047788619995
"390",0.471041917800903,0.506382942199707,2.10452604293823,0.737118005752563
"391",0.494929075241089,0.527220010757446,2.19474506378174,0.507232189178467
"392",0.707388877868652,0.521252155303955,2.2962498664856,0.52030086517334
"393",0.494984149932861,0.804301023483276,2.07609105110168,0.542748928070068
"394",0.47042989730835,0.487398862838745,2.15018916130066,0.729246139526367
"395",0.482451915740967,0.524336099624634,2.32156586647034,0.512271881103516
"396",0.484419107437134,0.51328706741333,2.14301705360413,0.50928807258606
"397",0.700021028518677,0.506335973739624,2.30103492736816,0.545171976089478
"398",0.480498075485229,0.798362970352173,2.12809991836548,0.8941810131073
"399",0.486868858337402,0.517400026321411,2.23227715492249,0.593017101287842
"400",0.481467008590698,0.507303953170776,2.0598669052124,0.546211957931519
"401",0.682701110839844,0.586544036865234,2.07201409339905,0.516433954238892
"402",0.459503173828125,0.561149835586548,2.32383799552917,0.760490894317627
"403",0.460453987121582,0.551841974258423,2.48961186408997,0.53520393371582
"404",0.454478025436401,0.815639972686768,2.16183519363403,0.545199155807495
"405",0.660369873046875,0.536235094070435,2.35637593269348,0.754714012145996
"406",0.462463140487671,0.543220043182373,2.21693086624146,0.608985900878906
"407",0.458254814147949,0.507925987243652,2.40047216415405,0.592622041702271
"408",0.464010000228882,0.508335828781128,2.27232503890991,0.665817022323608
"409",0.69261908531189,0.785578966140747,1.97388601303101,0.737555027008057
"410",0.471467018127441,0.494790077209473,2.09802508354187,0.52818489074707
"411",0.448498010635376,0.489388942718506,2.1989688873291,0.529262065887451
"412",0.464398145675659,0.500741004943848,2.1445631980896,0.724095106124878
"413",0.645838975906372,0.605479955673218,2.27407193183899,0.508331775665283
"414",0.4566810131073,0.834773063659668,2.1031448841095,0.584022045135498
"415",0.469427824020386,0.527322053909302,2.07504296302795,0.801551103591919
"416",0.463498115539551,0.532312870025635,2.07971119880676,0.626842021942139
"417",0.670696973800659,0.532157182693481,2.07711791992188,0.598075866699219
"418",0.451488971710205,0.539943933486938,2.40137410163879,0.804311990737915
"419",0.459452867507935,0.800498008728027,2.04812288284302,0.554246187210083
"420",0.450581073760986,0.52027702331543,2.39284300804138,0.5971360206604
"421",0.659866094589233,0.527247905731201,2.42572402954102,0.844191789627075
"422",0.453476905822754,0.524019956588745,2.51786804199219,0.537760972976685
"423",0.438528060913086,0.529927015304565,2.80287408828735,0.711658000946045
"424",0.443054914474487,0.514924049377441,2.45736598968506,0.508291006088257
"425",0.652828931808472,0.788635015487671,2.03756189346313,0.528269052505493
"426",0.453092098236084,0.51776909828186,1.9464910030365,0.720726013183594
"427",0.474990129470825,0.545811891555786,2.1557629108429,0.50924015045166
"428",0.449448823928833,0.547352075576782,2.35415506362915,0.719632863998413
"429",0.647880077362061,0.53117299079895,2.45680904388428,0.495332002639771
"430",0.457513093948364,0.780019998550415,2.33576893806458,0.709588050842285
"431",0.45547080039978,0.494256019592285,2.17630195617676,0.495387077331543
"432",0.66749906539917,0.501891851425171,1.96675109863281,0.71123194694519
"433",0.450488090515137,0.497838020324707,2.13783192634583,0.506515026092529
"434",0.447581052780151,0.521933078765869,1.98549818992615,0.730542898178101
"435",0.449445962905884,0.792675971984863,1.95449900627136,0.499903917312622
"436",0.452484130859375,0.519257068634033,1.95836186408997,0.518266201019287
"437",0.445503950119019,0.560170888900757,1.96345400810242,0.535240888595581
"438",0.678734064102173,0.593960046768188,2.15587997436523,0.69666314125061
"439",0.46277904510498,0.84325098991394,1.9680380821228,0.508811950683594
"440",0.463426828384399,0.623049020767212,1.98138785362244,0.547705888748169
"441",0.448955059051514,0.735588073730469,1.95350813865662,0.515288114547729
"442",0.459502935409546,0.57373309135437,1.96203684806824,0.507251024246216
"443",0.671754121780396,0.542217016220093,2.16773319244385,0.704810857772827
"444",0.456207990646362,0.829254865646362,1.94661092758179,0.542236089706421
"445",0.453518867492676,0.522248029708862,1.96538400650024,0.555134057998657
"446",0.447504043579102,0.555243968963623,1.96743893623352,0.546177864074707
"447",0.452478885650635,0.572029113769531,1.94747400283813,0.531494140625
"448",0.659965991973877,0.547163963317871,2.1504271030426,0.891516923904419
"449",0.454355001449585,0.815264940261841,1.986407995224,0.652113914489746
"450",0.450478076934814,0.560177087783813,2.01249384880066,1.77343797683716
"451",0.451610088348389,0.571159839630127,2.07310009002686,0.480551958084106
"452",0.45541787147522,0.55613112449646,2.00807309150696,0.471570014953613
"453",0.451475143432617,0.852186918258667,2.15291285514832,0.713679075241089
"454",0.683815956115723,0.5591139793396,1.94049596786499,0.557084083557129
"455",0.441468954086304,0.552114009857178,2.00252413749695,0.587549924850464
"456",0.437586069107056,0.557165145874023,2.13783597946167,0.584041118621826
"457",0.457056999206543,0.552112817764282,2.6225700378418,0.886077880859375
"458",0.447506904602051,0.810383081436157,2.32549214363098,0.536204099655151
"459",0.667853116989136,0.546132802963257,2.36110687255859,0.534801006317139
"460",0.44766092300415,0.541278123855591,2.19378805160522,0.515273094177246
"461",0.448496103286743,0.553834915161133,2.10050010681152,0.512138843536377
"462",0.444517850875854,0.847124099731445,2.16324687004089,0.740515947341919
"463",0.459411144256592,0.562285900115967,2.32855296134949,0.539201021194458
"464",0.664488792419434,0.567172050476074,2.23964309692383,0.543809175491333
"465",0.45149302482605,0.563122034072876,2.13499593734741,0.530210018157959
"466",0.453469038009644,0.559079885482788,2.24849796295166,0.710617065429688
"467",0.445518016815186,0.939949035644531,2.45561599731445,0.518265008926392
"468",0.454473972320557,0.621437072753906,1.98041701316833,0.536301851272583
"469",0.671735048294067,0.634965896606445,1.9646999835968,0.526774168014526
"470",0.458559036254883,0.599035978317261,1.96739792823792,0.712615013122559
"471",0.44750189781189,0.840291023254395,2.17660999298096,0.507300138473511
"472",0.44854998588562,0.570167064666748,1.98306012153625,0.506304979324341
"473",0.651809930801392,0.599994897842407,1.95365595817566,0.512287855148315
"474",0.445452213287354,0.641386032104492,2.02684903144836,0.707628965377808
"475",0.444547891616821,0.999755144119263,2.19375085830688,0.502353191375732
"476",0.444468975067139,0.584081888198853,1.95244002342224,0.523910999298096
"477",0.454034090042114,0.558138132095337,1.96645307540894,0.718590021133423
"478",0.664721012115479,0.551126956939697,1.98143291473389,0.49933385848999
"479",0.439563035964966,0.824202060699463,2.10800290107727,0.509836912155151
"480",0.440464973449707,0.648925065994263,2.22836899757385,0.514316082000732
"481",0.438560962677002,0.565297842025757,2.09068703651428,0.703603029251099
"482",0.447307109832764,0.526234149932861,2.09585905075073,0.508595943450928
"483",0.634968042373657,0.814332008361816,1.98227500915527,0.596009016036987
"484",0.455739974975586,0.527270793914795,2.20249795913696,0.909953117370605
"485",0.454044818878174,0.535239934921265,1.989422082901,0.613932847976685
"486",0.449999094009399,0.550215005874634,2.07719588279724,0.561159133911133
"487",0.654465913772583,0.814290046691895,2.05624008178711,0.736493825912476
"488",0.464608192443848,0.529368877410889,2.01237297058105,0.532218217849731
"489",0.461658000946045,0.539197206497192,2.20923495292664,0.536984920501709
"490",0.461400032043457,0.532245874404907,2.40107822418213,0.725547075271606
"491",0.463443994522095,0.810325145721436,2.07125091552734,0.543152809143066
"492",0.667801141738892,0.530178785324097,1.96252393722534,0.546212196350098
"493",0.46742582321167,0.539191007614136,1.96744799613953,0.741692781448364
"494",0.461436986923218,0.540239095687866,1.97346091270447,0.524246215820312
"495",0.457378149032593,0.600434064865112,2.33380603790283,0.531219005584717
"496",0.677702903747559,0.846261978149414,1.97675609588623,0.746291875839233
"497",0.461092948913574,0.587425947189331,1.97979092597961,0.526196002960205
"498",0.453477144241333,0.619968891143799,1.97988891601562,0.713660955429077
"499",0.455420017242432,0.741930961608887,2.19252419471741,0.497315168380737
"500",0.637858867645264,0.753127098083496,2.20981693267822,0.705323934555054
"501",0.472465991973877,0.881102085113525,1.97214818000793,0.492346048355103
"502",0.455522060394287,0.535820960998535,2.01032781600952,0.502288818359375
"503",0.459413051605225,0.537554025650024,1.99534106254578,0.716645002365112
"504",0.448480844497681,0.525244951248169,1.97541689872742,0.558089017868042
"505",0.648422002792358,0.548874855041504,1.96046900749207,0.772413015365601
"506",0.445510149002075,0.540277004241943,2.16698908805847,0.785370111465454
"507",0.447113990783691,0.799955129623413,1.95154690742493,0.572656869888306
"508",0.449477910995483,0.544605016708374,2.09297800064087,1.91986799240112
"509",0.654771089553833,0.59636402130127,2.01814103126526,0.527234077453613
"510",0.449537992477417,0.629802942276001,2.05461812019348,0.536241054534912
"511",0.452219009399414,0.727637052536011,2.44240283966064,0.543217897415161
"512",0.450474977493286,1.05367493629456,2.42640399932861,0.564139127731323
"513",0.664362907409668,0.60691499710083,2.69013595581055,0.748450994491577
"514",0.454679012298584,0.601072072982788,2.960932970047,0.532362937927246
"515",0.447498083114624,0.553910970687866,4.5671660900116,0.629854917526245
"516",0.439473152160645,0.570044994354248,3.36736798286438,0.556252956390381
"517",0.642904996871948,0.819252014160156,2.34129595756531,0.61896014213562
"518",0.447543859481812,0.59406590461731,2.43689393997192,0.779057025909424
"519",0.451492071151733,0.665199995040894,2.22856616973877,0.58759593963623
"520",0.666797876358032,0.603162050247192,2.61830615997314,0.571099042892456
"521",0.464436054229736,0.555136919021606,2.53255987167358,0.708618879318237
"522",0.484732151031494,0.820507049560547,2.20174598693848,0.588222026824951
"523",0.822869777679443,0.519315004348755,2.17865705490112,0.734570026397705
"524",0.688551187515259,0.527224063873291,2.18874096870422,0.512241840362549
"525",0.468415021896362,0.624047040939331,2.66900610923767,0.525290012359619
"526",0.4823899269104,0.552151918411255,2.5521399974823,0.513350963592529
"527",0.466392040252686,0.813333988189697,2.27639102935791,0.508993148803711
"528",0.676781892776489,0.523323059082031,2.22619485855103,0.733489036560059
"529",0.464231967926025,0.52920389175415,2.17983317375183,0.527236938476562
"530",0.467818021774292,0.636922121047974,2.25260591506958,0.508296966552734
"531",0.820518970489502,0.733497858047485,2.66788506507874,0.536240100860596
"532",0.460556983947754,0.875067949295044,2.43559384346008,0.7653968334198
"533",0.71929407119751,0.592047929763794,2.34222912788391,0.538197040557861
"534",0.443642139434814,0.587032079696655,2.24810695648193,0.585544109344482
"535",0.428170919418335,0.612951993942261,2.35289812088013,0.590023040771484
"536",0.460412979125977,0.928884983062744,2.45087480545044,0.537236928939819
"537",0.447643041610718,0.56709885597229,2.59395503997803,0.724581956863403
"538",0.717351913452148,0.669708013534546,2.30234098434448,0.494301080703735
"539",0.442676067352295,0.662829875946045,2.25863313674927,0.506303071975708
"540",0.471468925476074,0.589020013809204,2.24155783653259,0.510324001312256
"541",0.439942121505737,0.8471519947052,2.48972296714783,0.710714101791382
"542",0.459905862808228,0.574041128158569,2.19277119636536,0.50231409072876
"543",0.455744028091431,0.5989830493927,2.20540189743042,0.536710023880005
"544",0.749790906906128,0.635936975479126,2.18267703056335,0.545213937759399
"545",0.43297815322876,0.626912832260132,2.21360206604004,0.721580982208252
"546",0.523475885391235,0.858128070831299,2.72109198570251,0.510324954986572
"547",0.641592979431152,0.596962928771973,2.46288299560547,0.502332210540771
"548",0.66067910194397,0.588122129440308,2.37880802154541,0.49838399887085
"549",1.01798892021179,0.569130897521973,2.37312293052673,0.711607933044434
"550",1.04381918907166,0.807292938232422,2.90136694908142,0.504435062408447
"551",0.871066808700562,0.525196075439453,3.59705305099487,0.510293960571289
"552",0.67450213432312,0.552191972732544,2.64651608467102,0.503275871276855
"553",0.540247917175293,0.582129955291748,2.46472883224487,0.706686019897461
"554",0.761563062667847,0.868139982223511,3.4036979675293,0.486562967300415
"555",0.479588985443115,0.548158884048462,3.08969616889954,0.503309011459351
"556",0.462105989456177,0.541192054748535,2.78698921203613,0.707592010498047
"557",0.500597953796387,0.540179967880249,2.63225483894348,0.489372968673706
"558",0.454687118530273,0.545210123062134,2.49359798431396,0.506465196609497
"559",0.746516942977905,0.802276134490967,2.48864912986755,0.503313779830933
"560",0.458901882171631,0.544218063354492,2.79674196243286,0.699688196182251
"561",0.470412015914917,0.546299934387207,2.71005487442017,0.493312835693359
"562",0.476359128952026,0.556180000305176,2.52357316017151,0.508332967758179
"563",0.729285001754761,0.815265893936157,2.65909004211426,0.707642078399658
"564",0.458817958831787,0.508354187011719,2.7349579334259,0.503355026245117
"565",0.452769041061401,0.513336896896362,2.52764201164246,0.528217077255249
"566",0.454011917114258,0.51532506942749,2.68918895721436,0.70962381362915
"567",0.461870908737183,0.792459011077881,2.68312692642212,0.50626802444458
"568",0.767757177352905,0.505268812179565,2.85552215576172,0.531256198883057
"569",0.460402011871338,0.522248983383179,2.86668395996094,0.730556964874268
"570",0.449543952941895,0.530315160751343,2.95511484146118,0.522792816162109
"571",0.455430030822754,0.777349948883057,2.86257314682007,0.513317108154297
"572",0.458808898925781,0.526230096817017,2.98412299156189,0.706630945205688
"573",0.726491928100586,0.511284828186035,3.24243807792664,0.498420000076294
"574",0.456745147705078,0.507341146469116,3.10570812225342,0.496324062347412
"575",0.465481996536255,0.836153030395508,2.93930387496948,0.710313081741333
"576",0.483335018157959,0.656796932220459,3.06824398040771,0.508303880691528
"577",0.802200794219971,0.750484943389893,3.3348228931427,0.744356155395508
"578",0.480624198913574,0.704669952392578,3.12126994132996,0.522243022918701
"579",0.481159925460815,0.934872150421143,4.91634702682495,0.720645904541016
"580",0.512283086776733,0.59201192855835,3.30085206031799,0.62791109085083
"581",0.778723001480103,0.568090915679932,3.43861699104309,0.755419969558716
"582",0.516396999359131,0.552140951156616,3.98667693138123,0.501323938369751
"583",0.48636794090271,1.56312203407288,3.12065815925598,0.726571083068848
"584",0.476358890533447,0.474402904510498,3.04778599739075,0.521255016326904
"585",0.477659940719604,0.476417064666748,3.7899649143219,0.724569797515869
"586",0.749953985214233,0.513278961181641,3.49713397026062,0.486459016799927
"587",0.482593059539795,0.801305055618286,4.48166108131409,0.490356922149658
"588",0.462488889694214,0.526289939880371,2.79738593101501,0.49534010887146
"589",0.464795112609863,0.545131206512451,3.10686492919922,0.505305051803589
"590",0.73799204826355,0.537195920944214,3.64800810813904,0.703655958175659
"591",0.442466020584106,0.543177843093872,4.10843086242676,0.515322923660278
"592",0.445452928543091,0.827332019805908,2.77976703643799,0.507159948348999
"593",0.455965995788574,0.534205198287964,2.76075315475464,0.494333982467651
"594",0.736569881439209,0.550112962722778,3.19226598739624,0.494518995285034
"595",0.44578218460083,0.524322986602783,2.83919095993042,0.687698841094971
"596",0.456461906433105,0.537189960479736,2.97312593460083,0.48741602897644
"597",0.469125032424927,0.539156913757324,2.83700799942017,0.489315032958984
"598",0.812900066375732,0.83635401725769,2.64038109779358,0.487617969512939
"599",0.541935920715332,0.521253108978271,3.23768901824951,0.508255004882812
"600",0.462447881698608,0.52826189994812,3.43091297149658,0.841520071029663
"601",0.461018085479736,0.550168991088867,2.76632905006409,0.573040962219238
"602",0.786859035491943,0.547194957733154,4.16962504386902,0.554149866104126
"603",0.486382007598877,0.834203004837036,4.17661309242249,0.570136070251465
"604",0.580002069473267,0.543186187744141,2.77914810180664,0.723625898361206
"605",0.508296012878418,0.556165933609009,2.70920515060425,0.494292974472046
"606",0.790810823440552,0.541197061538696,2.4830949306488,0.497334003448486
"607",0.464488983154297,0.566244125366211,2.44786596298218,0.502318143844604
"608",0.454471111297607,0.790340900421143,2.66691899299622,0.495378971099854
"609",0.749499082565308,0.541237115859985,2.47081303596497,0.691646099090576
"610",0.466377973556519,0.561116933822632,2.41808700561523,0.488538980484009
"611",0.460458040237427,0.553146123886108,2.42282700538635,0.499294996261597
"612",0.46448278427124,0.55125093460083,2.67660284042358,0.492350816726685
"613",0.749441146850586,0.821386098861694,2.71390604972839,0.694671154022217
"614",0.477447986602783,0.540223836898804,2.42351913452148,0.484416007995605
"615",0.479392051696777,0.554104089736938,2.44192600250244,0.507298946380615
"616",0.474922895431519,0.528228044509888,2.60895991325378,0.528229951858521
"617",0.750560998916626,0.539233922958374,2.42938804626465,0.508335113525391
"618",0.468406915664673,0.549247026443481,2.62105202674866,0.714124917984009
"619",0.472660064697266,0.791389942169189,2.46783590316772,0.521801948547363
"620",1.89777302742004,0.548177003860474,2.45887899398804,0.544131994247437
"621",0.462361097335815,0.51925802230835,2.51066613197327,0.529265165328979
"622",0.517262935638428,0.607999086380005,2.5485098361969,0.789377927780151
"623",0.564121961593628,0.703871965408325,2.78301906585693,0.507279872894287
"624",0.613444089889526,1.2109580039978,2.49376797676086,0.562126159667969
"625",0.642442941665649,0.893095016479492,2.5816011428833,0.69064998626709
"626",0.774625062942505,0.777410984039307,3.12231397628784,0.806807994842529
"627",0.735020875930786,0.666765928268433,2.55318093299866,0.514282941818237
"628",0.545604944229126,0.766469955444336,2.69465088844299,0.538231134414673
"629",0.521859169006348,1.09731888771057,2.46846699714661,0.725807905197144
"630",0.485335826873779,0.613054990768433,2.58253693580627,0.498369932174683
"631",0.683951139450073,0.55809211730957,2.60300707817078,0.518056154251099
"632",0.457460880279541,0.550199031829834,2.57881498336792,0.512249946594238
"633",0.467381000518799,0.916924953460693,2.68336915969849,0.786485910415649
"634",0.467478036880493,0.665989875793457,2.59282398223877,0.831236124038696
"635",0.463398933410645,0.56610107421875,2.54191994667053,0.866309881210327
"636",0.663290023803711,0.570149898529053,2.56248903274536,0.864148139953613
"637",0.467916965484619,0.563058137893677,2.3781590461731,0.527179002761841
"638",0.473416090011597,0.867089033126831,2.4587779045105,0.53122091293335
"639",0.46540379524231,0.537466049194336,2.6322009563446,0.74749493598938
"640",0.478832006454468,0.544214010238647,2.51938199996948,0.620952129364014
"641",0.683683156967163,0.562121868133545,2.37512397766113,0.555140018463135
"642",0.449829816818237,0.55621600151062,2.49287295341492,0.73105788230896
"643",0.460450172424316,0.834244966506958,2.84455299377441,0.507301092147827
"644",0.467432022094727,0.550277948379517,3.15233111381531,0.505309820175171
"645",0.590533018112183,0.549121141433716,2.29329895973206,0.690683126449585
"646",0.588981866836548,0.539238929748535,2.248939037323,0.492395877838135
"647",0.759000062942505,0.820203065872192,2.39403009414673,0.521711111068726
"648",0.596052885055542,0.55325984954834,2.43301796913147,0.725143909454346
"649",0.514060020446777,0.563234090805054,2.39051485061646,0.532593965530396
"650",0.487926006317139,0.556057929992676,2.29485011100769,0.532182216644287
"651",0.557589054107666,0.560125112533569,2.45631909370422,0.723578929901123
"652",0.682218074798584,0.831203937530518,2.47279977798462,0.497838973999023
"653",0.443497896194458,0.564275026321411,2.5261390209198,0.710170984268188
"654",0.462942123413086,0.553205013275146,2.2587890625,0.496346950531006
"655",0.445597887039185,0.558125972747803,2.25417995452881,0.692633867263794
"656",0.451812028884888,0.821244955062866,2.30048704147339,0.477440118789673
"657",0.65496301651001,0.556168079376221,2.52865600585938,0.696674108505249
"658",0.430953979492188,0.579073905944824,2.38803100585938,0.529228925704956
"659",0.4773850440979,0.573168039321899,2.43341302871704,0.719656944274902
"660",0.459151983261108,0.575078964233398,2.33681702613831,0.509249925613403
"661",0.664443969726562,0.838263988494873,2.34388089179993,0.724570989608765
"662",0.463399887084961,0.555232048034668,2.44189405441284,0.509847164154053
"663",0.481384992599487,0.569161891937256,2.24348282814026,0.512234926223755
"664",0.575114965438843,0.578102111816406,2.33720302581787,0.516273975372314
"665",0.510571002960205,0.822303056716919,2.1907320022583,0.515841960906982
"666",0.688122987747192,0.600000858306885,2.37283205986023,0.691617965698242
"667",0.461248874664307,0.796321153640747,2.16996693611145,0.500325918197632
"668",0.459465026855469,0.890574932098389,2.16253304481506,0.52328896522522
"669",0.466395139694214,0.92947793006897,3.52363705635071,0.531126022338867
"670",0.472452878952026,0.64311408996582,3.08869004249573,0.736061096191406
"671",0.673704147338867,0.670094013214111,2.98034811019897,0.508298873901367
"672",0.468600988388062,0.675770044326782,2.33123111724854,0.505308151245117
"673",0.463692903518677,0.657845973968506,2.52568793296814,0.517301797866821
"674",0.46454906463623,1.00914692878723,2.65210294723511,0.510354042053223
"675",0.683929920196533,0.682498931884766,2.5619580745697,0.710742950439453
"676",0.475447177886963,0.674807071685791,2.21992301940918,0.491383075714111
"677",0.452071905136108,0.66376805305481,2.41292285919189,0.488358974456787
"678",0.4530189037323,0.937095880508423,2.17509698867798,0.498399972915649
"679",0.464680910110474,0.650844097137451,2.44155406951904,0.518234014511108
"680",0.662325143814087,0.655482053756714,2.2930920124054,0.708847045898438
"681",0.471138000488281,0.638810873031616,2.23326897621155,0.512251138687134
"682",0.454705953598022,0.927282094955444,2.33483791351318,0.514308929443359
"683",0.461601972579956,0.654417991638184,2.17429900169373,0.517232894897461
"684",0.663686990737915,0.645988941192627,2.52609205245972,0.521449089050293
"685",0.464144945144653,0.938998937606812,2.21310806274414,0.715651035308838
"686",0.454511165618896,0.641362190246582,2.30882287025452,0.528877973556519
"687",0.479714870452881,0.6404869556427,2.14773416519165,0.557163000106812
"688",0.684144020080566,0.670233964920044,2.43773198127747,0.542149066925049
"689",0.507741928100586,0.753471851348877,2.45809197425842,0.72955584526062
"690",0.494102954864502,0.90799617767334,2.22070693969727,0.520292043685913
"691",0.578916072845459,1.04959678649902,2.2921040058136,0.506304979324341
"692",0.690603971481323,0.655384063720703,2.21758508682251,0.514269113540649
"693",0.458046913146973,0.653882026672363,2.37490487098694,0.722543954849243
"694",0.561331033706665,0.654803037643433,2.18188905715942,0.556781053543091
"695",0.553359031677246,0.664857864379883,2.22166109085083,0.535209894180298
"696",0.826832056045532,0.950910091400146,3.21762895584106,0.526442050933838
"697",0.505631923675537,0.636905908584595,2.05367088317871,0.725537061691284
"698",0.462110042572021,0.632875204086304,2.28438210487366,0.539193868637085
"699",0.449919939041138,0.634886980056763,2.66751003265381,0.542227029800415
"700",0.651875019073486,0.638896942138672,2.40291905403137,0.544131994247437
"701",0.438873052597046,0.630842924118042,2.32014799118042,0.750036001205444
"702",0.459660053253174,0.923947095870972,2.23555302619934,0.524199962615967
"703",0.452961921691895,0.655797004699707,2.39754891395569,0.538233995437622
"704",0.659220933914185,0.656762838363647,2.39374899864197,0.535171985626221
"705",0.550670146942139,0.649862051010132,2.14616894721985,0.735572099685669
"706",0.597121953964233,0.643840074539185,2.13221907615662,0.510204076766968
"707",0.617244005203247,0.940794944763184,2.23203301429749,0.525038957595825
"708",0.719238996505737,0.628906011581421,2.13714003562927,0.539187908172607
"709",0.497951030731201,0.630975008010864,2.12974882125854,0.714285135269165
"710",0.525171041488647,0.609953165054321,2.33324098587036,0.522698163986206
"711",0.878973960876465,0.612020969390869,2.19642519950867,0.518222808837891
"712",0.67478084564209,0.878113985061646,2.15005779266357,0.723416090011597
"713",0.463598012924194,0.596004962921143,2.19056820869446,0.51475191116333
"714",0.502308130264282,0.597043037414551,2.16997981071472,0.519263982772827
"715",0.708209037780762,0.595963001251221,2.4920551776886,0.730547189712524
"716",0.444502830505371,0.603189945220947,2.20493483543396,0.522250890731812
"717",0.451493978500366,0.879029035568237,2.13277816772461,0.561456918716431
"718",1.05488920211792,0.587051868438721,2.16199994087219,0.930998086929321
"719",0.457464933395386,0.53915810585022,2.11689901351929,0.622076034545898
"720",0.453521013259888,0.53990912437439,2.35919690132141,0.656754970550537
"721",0.744562864303589,0.531216859817505,2.0620219707489,0.776005983352661
"722",0.473364114761353,0.793297052383423,2.06848812103271,0.563071012496948
"723",0.653208017349243,0.595042943954468,2.03298306465149,0.651925802230835
"724",0.465476989746094,0.558371067047119,2.28099393844604,0.885012149810791
"725",0.468424081802368,0.531018018722534,2.94280385971069,0.846187829971313
"726",0.813328981399536,0.532799005508423,2.99759817123413,0.67973518371582
"727",0.550333023071289,0.814465045928955,2.06518387794495,0.751446008682251
"728",0.891768932342529,0.505148887634277,2.0452880859375,0.533215999603271
"729",0.466471910476685,0.506471872329712,2.06970691680908,0.729562044143677
"730",0.461592197418213,0.511625051498413,2.26684999465942,0.526234865188599
"731",0.465706825256348,0.528013944625854,2.02335596084595,0.535264015197754
"732",0.759409189224243,0.784865140914917,2.08472299575806,0.720586061477661
"733",0.501942157745361,0.509567022323608,2.18016219139099,0.545413017272949
"734",0.633882999420166,0.517301082611084,2.04925680160522,0.741153955459595
"735",0.563182830810547,0.522665023803711,2.20454406738281,0.549666881561279
"736",0.568067073822021,0.514949798583984,2.05147099494934,0.818312168121338
"737",0.963813066482544,0.796686172485352,2.45566701889038,0.710623025894165
"738",0.494294881820679,0.503551959991455,2.24548506736755,1.22085690498352
"739",0.480944156646729,0.516651153564453,2.06623196601868,2.08168578147888
"740",0.466475963592529,0.5174720287323,2.22060394287109,0.6408531665802
"741",0.465451002120972,1.11264300346375,2.0534610748291,0.642889022827148
"742",0.742686033248901,0.564129829406738,2.28367185592651,0.646360874176025
"743",0.462779998779297,0.526458024978638,2.06217813491821,0.653818130493164
"744",0.508368015289307,0.519293785095215,2.07082796096802,0.898037910461426
"745",0.541688919067383,0.514239072799683,2.24709391593933,0.663788080215454
"746",0.53516697883606,0.800436973571777,2.08467698097229,0.666368007659912
"747",0.782421112060547,0.547896146774292,2.04916405677795,0.656001806259155
"748",0.459501981735229,0.535782814025879,2.01602005958557,0.638861179351807
"749",0.476922988891602,0.53083610534668,2.06771492958069,0.857740879058838
"750",0.51128888130188,0.537147045135498,2.39441895484924,0.62605094909668
"751",0.510355949401855,0.817296981811523,2.26095008850098,0.614492177963257
"752",0.747054100036621,0.521458864212036,3.3100860118866,0.631885051727295
"753",0.455473899841309,0.525201082229614,1.96987009048462,0.652812004089355
"754",0.498285055160522,0.526278018951416,2.12384796142578,0.932985067367554
"755",0.501351833343506,0.82722020149231,2.38127899169922,0.656293869018555
"756",0.57005500793457,0.525121927261353,2.14001107215881,0.648828983306885
"757",0.805342197418213,0.547745943069458,2.28877186775208,0.654850959777832
"758",0.711577892303467,0.549124002456665,2.30541396141052,0.871036052703857
"759",0.58265495300293,0.805340051651001,2.14220905303955,0.670795917510986
"760",0.52382493019104,0.533169984817505,2.32224202156067,0.657753944396973
"761",0.530142068862915,0.543198108673096,2.11292505264282,0.651817083358765
"762",0.846337795257568,0.538220882415771,2.17172408103943,0.648826122283936
"763",0.628895998001099,0.537199974060059,2.11397099494934,0.845171928405762
"764",0.592574119567871,0.81430196762085,2.30984687805176,0.669756889343262
"765",0.503360986709595,0.526201963424683,2.11786317825317,0.673741102218628
"766",0.772309064865112,0.539056062698364,2.11691093444824,0.699656963348389
"767",0.463412046432495,0.53902006149292,2.10600590705872,0.935866117477417
"768",0.455464839935303,0.805336952209473,2.1179211139679,0.672744989395142
"769",0.456560134887695,0.524752140045166,2.42881894111633,0.632889986038208
"770",0.466009855270386,0.53724479675293,2.12847900390625,0.678720951080322
"771",0.729035139083862,0.541094064712524,2.1380090713501,0.985349893569946
"772",0.456085920333862,0.797338008880615,2.12288498878479,0.784362077713013
"773",0.502898931503296,0.529184818267822,2.43380880355835,0.775361061096191
"774",0.582458019256592,0.565247058868408,3.00063610076904,0.811282873153687
"775",0.886956930160522,0.550151109695435,2.15016293525696,1.00368714332581
"776",0.531998157501221,0.802026987075806,2.11305594444275,0.809376001358032
"777",0.529130935668945,0.529225826263428,2.13152503967285,0.753101825714111
"778",0.570154905319214,0.529268026351929,2.47769689559937,0.706393003463745
"779",0.554143190383911,0.541763067245483,2.21557402610779,0.92190408706665
"780",0.783411979675293,0.796948909759521,2.11793613433838,0.706722021102905
"781",0.453480005264282,0.532250165939331,2.11790990829468,0.711616992950439
"782",0.475405931472778,0.541782855987549,2.312824010849,0.937864065170288
"783",0.515394926071167,1.92219710350037,2.12402892112732,0.718634843826294
"784",0.768511056900024,0.494343042373657,2.14187002182007,0.73748517036438
"785",0.499321937561035,0.523289918899536,2.12695908546448,0.727615833282471
"786",0.492400169372559,0.541193008422852,2.32727599143982,0.933871984481812
"787",0.512543916702271,0.557083129882812,2.1425199508667,0.697708129882812
"788",0.578134059906006,0.571063995361328,2.11645483970642,0.726564884185791
"789",0.757458209991455,0.828219890594482,2.1179780960083,0.942801952362061
"790",0.47850489616394,0.572680950164795,2.31723785400391,0.790349006652832
"791",0.529242038726807,0.576086044311523,2.10604214668274,0.82574200630188
"792",0.540660858154297,0.558128118515015,2.17765307426453,1.08498406410217
"793",0.827386140823364,0.586232900619507,2.11785197257996,0.799381017684937
"794",0.470634937286377,0.861145973205566,2.1284658908844,0.783414840698242
"795",0.467469930648804,0.590021133422852,2.1478271484375,1.07735419273376
"796",0.460448980331421,0.613998174667358,2.50018095970154,0.837195873260498
"797",0.731885194778442,0.62559986114502,2.17149186134338,0.73351001739502
"798",0.448539018630981,0.583347082138062,2.11613607406616,1.19105005264282
"799",0.455518007278442,0.619468927383423,2.1201229095459,0.902935981750488
"800",0.461018800735474,0.809448003768921,2.09604811668396,1.24200105667114
"801",0.728553056716919,0.513611078262329,2.35399985313416,1.17008996009827
"802",0.444508075714111,0.569159030914307,2.08071112632751,1.18607187271118
"803",0.487367868423462,0.552860021591187,2.06726288795471,2.06508016586304
"804",0.61060094833374,0.563952922821045,2.07915210723877,2.14779782295227
"805",0.844840049743652,0.924639940261841,2.15692281723022,2.82402515411377
"806",0.532257080078125,0.531455039978027,2.10871601104736,1.70528697967529
"807",0.617934942245483,0.567636966705322,2.27216100692749,2.62819886207581
"808",0.630397081375122,0.568378210067749,2.0571608543396,2.49564003944397
"809",0.861222982406616,0.606419801712036,2.072270154953,3.27369403839111
"810",0.483341932296753,0.804139137268066,2.05307698249817,2.23755407333374
"811",0.483458042144775,0.603262901306152,2.09551787376404,1.97305488586426
"812",0.471382856369019,0.583990097045898,2.28634595870972,1.32656002044678
"813",0.759516000747681,0.518609046936035,2.05013418197632,1.4621570110321
"814",0.45341420173645,0.53994083404541,2.04921197891235,2.10547018051147
"815",0.459498882293701,0.866103172302246,2.06666493415833,1.62683391571045
"816",0.460415124893188,0.538249015808105,2.04221200942993,1.92973399162292
"817",0.472746849060059,0.532213926315308,2.22726011276245,1.1929988861084
"818",0.777390003204346,0.554763078689575,2.02158284187317,1.12983512878418
"819",0.517266988754272,0.601047992706299,2.04817795753479,1.67035794258118
"820",0.474406957626343,0.937159776687622,2.04702401161194,3.65540504455566
"821",0.471458196640015,0.668335199356079,2.24034094810486,1.95251488685608
"822",0.466395854949951,0.669687032699585,2.41410899162292,1.71037411689758
"823",0.467473030090332,0.631615877151489,2.18607711791992,1.54832196235657
"824",0.748541116714478,0.566119909286499,2.30969285964966,1.73619198799133
"825",0.453526973724365,0.839231014251709,2.21226000785828,2.1638970375061
"826",0.466384887695312,0.555564165115356,2.17774796485901,1.59369897842407
"827",0.468429088592529,0.594113826751709,2.23852014541626,1.2866518497467
"828",0.46245002746582,0.543153047561646,2.03624081611633,3.01826596260071
"829",0.742547035217285,0.621983051300049,2.05106806755066,1.70126414299011
"830",0.458420991897583,0.804353952407837,2.0491840839386,3.32150602340698
"831",0.463444948196411,0.543122053146362,2.04372000694275,2.28535604476929
"832",0.482428789138794,0.577142000198364,2.23852801322937,2.44666290283203
"833",0.485361814498901,0.547137975692749,2.02423095703125,2.02422499656677
"834",0.742123126983643,0.684386014938354,2.069011926651,1.60375499725342
"835",0.451521873474121,0.794241905212402,2.03933501243591,1.89338994026184
"836",0.469588994979858,0.579050064086914,2.03086304664612,1.37838912010193
"837",0.465579986572266,0.593148946762085,2.24953603744507,1.2049548625946
"838",0.472374200820923,0.555027961730957,2.01784205436707,1.10525703430176
"839",0.746492862701416,1.07343101501465,2.03916883468628,1.4780490398407
"840",0.462610006332397,0.858124017715454,2.0631799697876,1.98336410522461
"841",0.457463979721069,0.799365997314453,2.04917907714844,1.67543196678162
"842",0.467473983764648,0.560140132904053,2.23506093025208,1.46604204177856
"843",0.462448120117188,0.501316785812378,2.04709720611572,2.09756994247437
"844",0.741631984710693,0.781236171722412,2.07664394378662,2.30145907402039
"845",0.45451283454895,0.509143829345703,2.05830788612366,1.92754507064819
"846",0.477543115615845,0.515239000320435,2.03538298606873,1.96641182899475
"847",0.469439029693604,0.514273166656494,2.23154807090759,2.38899803161621
"848",0.469373941421509,0.784411907196045,2.04234600067139,1.61868214607239
"849",0.741512060165405,0.497793912887573,2.03915905952454,1.50893998146057
"850",0.465480804443359,0.500356197357178,2.04313588142395,1.25888681411743
"851",0.460455179214478,0.497342824935913,2.04916310310364,1.61767911911011
"852",0.469419002532959,0.514234066009521,2.32525706291199,1.2557430267334
"853",0.472461938858032,0.793337106704712,2.16076493263245,1.27185988426208
"854",0.751362800598145,0.501317977905273,2.04730200767517,1.3973171710968
"855",0.458444118499756,0.604643821716309,2.04710602760315,1.68042397499084
"856",0.463403940200806,0.534288167953491,2.27388787269592,1.13715481758118
"857",0.468430042266846,0.813833951950073,2.09800696372986,1.01067304611206
"858",0.466476917266846,0.466387033462524,2.08324909210205,0.980714082717896
"859",0.735572099685669,0.497334003448486,2.04318690299988,1.31054997444153
"860",0.454437971115112,0.606453895568848,2.04769802093506,1.42024803161621
"861",0.54720401763916,0.523950099945068,2.22964310646057,1.70727586746216
"862",0.562685966491699,0.78095006942749,2.04647779464722,2.33916807174683
"863",0.526220083236694,0.490046977996826,2.3691771030426,2.26142287254333
"864",0.795892953872681,0.496782064437866,2.20226502418518,1.95844101905823
"865",0.500918865203857,0.508863925933838,2.05913901329041,2.36607599258423
"866",0.511396169662476,0.766963005065918,2.2416398525238,2.49962711334229
"867",0.519607067108154,0.484716176986694,2.03240299224854,2.70792889595032
"868",0.801553964614868,0.538106918334961,2.06484889984131,3.29149508476257
"869",0.501976013183594,0.574481964111328,2.03189611434937,3.34540295600891
"870",0.519701957702637,0.928915977478027,2.25383996963501,3.24085092544556
"871",0.533559083938599,0.562770128250122,2.02097296714783,2.816565990448
"872",0.529093027114868,0.516218900680542,2.04320502281189,2.25344896316528
"873",0.799125909805298,0.515280961990356,2.04218983650208,2.30926609039307
"874",0.506585121154785,0.784286022186279,2.25441098213196,2.73736786842346
"875",0.513717889785767,0.495129108428955,2.16384220123291,2.68699598312378
"876",0.518105030059814,0.512377023696899,2.04682087898254,2.46075415611267
"877",0.791774988174438,0.514843940734863,2.06031608581543,3.09762477874756
"878",0.507714986801147,0.789209127426147,2.03920078277588,3.10052704811096
"879",0.54876708984375,0.518426895141602,2.24235415458679,3.46887898445129
"880",0.539065837860107,0.490401029586792,2.06225299835205,2.78666806221008
"881",0.548628091812134,0.497323989868164,2.20722103118896,2.1727180480957
"882",0.803400039672852,0.768470048904419,2.61322283744812,2.631187915802
"883",0.497298002243042,0.479384899139404,2.34587216377258,2.60228300094604
"884",0.509648084640503,0.477626085281372,2.06715297698975,2.66706609725952
"885",0.52125096321106,0.490362882614136,2.19268488883972,2.90018200874329
"886",0.799325942993164,0.493975162506104,2.67901301383972,2.99796795845032
"887",0.507400035858154,0.759550809860229,3.12803101539612,2.27538394927979
"888",0.519385099411011,0.47038197517395,2.71763396263123,2.80608797073364
"889",0.519263029098511,0.484375,2.21475100517273,2.96706199645996
"890",0.801394939422607,0.490355014801025,2.11675715446472,3.21737504005432
"891",0.507128953933716,0.478430986404419,2.2862229347229,3.59098505973816
"892",0.518267154693604,0.48932409286499,2.62181186676025,2.92121481895447
"893",0.517306804656982,0.753562927246094,2.71580910682678,2.00029897689819
"894",0.782201051712036,0.465440034866333,2.69796681404114,2.45577907562256
"895",0.489362955093384,0.47939395904541,2.97204208374023,1.73287105560303
"896",0.509366035461426,0.482381105422974,3.2839720249176,1.75009202957153
"897",0.514281034469604,0.481426000595093,2.93824291229248,1.83139896392822
"898",0.786329030990601,0.761450052261353,2.27296209335327,2.18051600456238
"899",0.513679981231689,0.475365161895752,2.21002388000488,2.70494604110718
"900",0.511246919631958,0.672741889953613,2.02622604370117,2.10698580741882
"901",0.501353025436401,0.562313079833984,2.05130505561829,1.81686401367188
"902",0.770388126373291,0.529090881347656,2.26049900054932,1.74515509605408
"903",0.474031925201416,0.794106006622314,2.04958391189575,2.35524106025696
"904",0.486342191696167,0.517470121383667,2.05519509315491,2.16474890708923
"905",0.507469892501831,0.519259929656982,2.07854199409485,1.85579013824463
"906",0.754508972167969,0.530447959899902,2.25114893913269,1.82290196418762
"907",0.470421075820923,0.543398141860962,2.08454704284668,1.91059994697571
"908",0.49737286567688,0.804899930953979,2.24765086174011,2.42003583908081
"909",0.495375156402588,0.51220703125,2.05745506286621,2.05773401260376
"910",0.758413076400757,0.515471935272217,2.77620482444763,2.08402299880981
"911",0.489130020141602,0.519524097442627,2.25273203849792,2.01376891136169
"912",0.530367136001587,0.516625881195068,2.06216716766357,2.21059393882751
"913",0.524325847625732,0.790350914001465,2.26155591011047,2.52357220649719
"914",0.51527214050293,0.500896215438843,2.04986596107483,2.06329894065857
"915",0.779382944107056,0.531314849853516,2.19077205657959,2.82027506828308
"916",0.489392042160034,0.563635110855103,2.39294099807739,2.16089701652527
"917",0.506354808807373,0.524267911911011,2.00229692459106,2.28496408462524
"918",0.508289098739624,0.514328956604004,2.28737807273865,2.04883408546448
"919",0.507297992706299,0.77134895324707,2.10108089447021,2.17670917510986
"920",0.78038501739502,0.50187611579895,2.39633202552795,2.09024596214294
"921",0.497293949127197,0.512580871582031,2.02445602416992,2.34430480003357
"922",0.50629997253418,0.510339021682739,1.98996305465698,2.36117792129517
"923",0.513281106948853,0.503261089324951,2.18185186386108,1.88073205947876
"924",0.51331090927124,0.782921075820923,1.98041820526123,1.87175107002258
"925",0.513817071914673,0.506312847137451,2.01027679443359,2.43383693695068
"926",0.772209882736206,0.529220104217529,2.47626900672913,2.04913687705994
"927",0.568127155303955,0.5467848777771,2.17571520805359,1.93569397926331
"928",0.68939995765686,0.91898512840271,2.20285296440125,1.86475515365601
"929",0.535161018371582,0.536246061325073,2.03440690040588,2.39597487449646
"930",0.521342992782593,0.535766839981079,2.0643310546875,1.87976503372192
"931",0.761441946029663,0.564222097396851,2.02303791046143,1.89467597007751
"932",0.461459159851074,0.524194002151489,1.98334717750549,2.44581007957458
"933",0.470422983169556,0.811325073242188,2.33077001571655,1.96143078804016
"934",0.473583936691284,0.507351875305176,2.18447399139404,2.03319120407104
"935",0.477396965026855,0.522248983383179,2.10091590881348,2.05611300468445
"936",0.75247597694397,0.521399974822998,2.04834389686584,2.89630103111267
"937",0.481426954269409,0.53420615196228,2.00333118438721,2.0755729675293
"938",0.495970964431763,0.795647859573364,2.19969081878662,2.65515208244324
"939",0.543806076049805,0.513098001480103,2.07305407524109,2.60231494903564
"940",0.539241075515747,0.522326946258545,2.05779695510864,2.26741313934326
"941",0.78528094291687,0.534239053726196,2.01757597923279,2.77769994735718
"942",0.483422994613647,0.637228012084961,1.98933601379395,5.43853306770325
"943",0.516268968582153,0.832453966140747,2.18676090240479,3.04292392730713
"944",0.522285938262939,0.644095897674561,2.04617714881897,2.30223107337952
"945",0.779389142990112,0.572681188583374,2.14625883102417,2.80912303924561
"946",0.480396032333374,0.552326917648315,2.28660917282104,2.16299080848694
"947",0.517892837524414,0.8055579662323,2.07985496520996,1.44686198234558
"948",0.516338109970093,0.527889013290405,2.2803680896759,2.24596118927002
"949",0.585536956787109,0.521676063537598,2.00194597244263,2.33218288421631
"950",0.824247121810913,0.530915975570679,2.12116003036499,2.53550505638123
"951",0.571637868881226,0.580673933029175,2.13305997848511,2.62069201469421
"952",0.516264915466309,0.828763008117676,2.30296993255615,1.79100108146667
"953",0.477456092834473,0.532870054244995,2.60331797599792,2.71202683448792
"954",0.468424081802368,0.531643867492676,3.3495979309082,2.03882813453674
"955",0.728570938110352,0.523500204086304,2.00030708312988,2.59544205665588
"956",0.474380970001221,0.795645952224731,2.63819003105164,2.72056794166565
"957",0.547682046890259,0.509993076324463,2.31466889381409,3.22021794319153
"958",0.496342897415161,0.522206783294678,2.27847504615784,2.22254800796509
"959",0.744062185287476,0.536856174468994,10.5833549499512,2.19066691398621
"960",0.448112010955811,0.794572830200195,1.97710013389587,1.63850998878479
"961",0.461412906646729,0.495496988296509,1.90814399719238,4.43156218528748
"962",0.459510087966919,0.492540121078491,2.17581796646118,1.83581185340881
"963",0.734561920166016,0.481380939483643,1.88763284683228,2.03817510604858
"964",0.44950008392334,0.743055105209351,2.08082509040833,1.71425580978394
"965",0.45344090461731,0.522816896438599,2.47571897506714,1.47605800628662
"966",0.450493097305298,0.48940896987915,2.21698212623596,1.67652010917664
"967",0.453524827957153,0.477442026138306,2.29735398292542,1.69333291053772
"968",0.730515956878662,0.744643926620483,2.11320900917053,1.77569508552551
"969",0.452112197875977,0.461632013320923,2.01325511932373,1.81492280960083
"970",0.501274824142456,0.459351062774658,1.99431991577148,2.22056412696838
"971",0.517297983169556,0.465299129486084,2.27588200569153,2.48983311653137
"972",0.751679182052612,0.77043890953064,1.95464491844177,1.86185598373413
"973",0.462440967559814,0.461461067199707,1.99484515190125,2.01020097732544
"974",0.481428861618042,0.472450017929077,1.98342704772949,1.5239372253418
"975",0.479471206665039,0.467981100082397,2.28509879112244,1.89514183998108
"976",0.745457887649536,0.755568981170654,2.58963203430176,1.94448709487915
"977",0.459456920623779,0.469424962997437,2.58195805549622,2.61238384246826
"978",0.476442098617554,0.458061933517456,2.23674893379211,2.98907208442688
"979",0.476048946380615,0.462263107299805,2.72451114654541,2.23252987861633
"980",0.740550994873047,0.748410940170288,2.68605303764343,2.03421688079834
"981",0.457460880279541,0.453058004379272,2.06531310081482,2.76173496246338
"982",0.458420038223267,0.457196950912476,2.04027700424194,3.01604008674622
"983",0.473628997802734,0.464538097381592,2.50736784934998,2.71590399742126
"984",0.7326500415802,0.465948104858398,2.55410599708557,2.65710091590881
"985",0.47539496421814,0.463746786117554,2.14003920555115,5.4488091468811
"986",0.495290994644165,0.728020191192627,2.21557688713074,3.09429502487183
"987",0.486411094665527,0.46062183380127,2.17305397987366,2.30428314208984
"988",0.729544878005981,0.452485084533691,2.45980906486511,1.78103399276733
"989",0.487465143203735,0.462491035461426,2.32509589195251,2.9391770362854
"990",0.486320972442627,0.47640585899353,2.3357720375061,2.62692403793335
"991",0.755465030670166,0.743679046630859,2.34863996505737,1.72138214111328
"992",0.482380867004395,0.479421138763428,3.51154494285583,1.87787199020386
"993",0.491390943527222,0.456466913223267,2.12358212471008,4.13273215293884
"994",0.491819143295288,0.452482938766479,2.13093996047974,3.25287985801697
"995",0.751488924026489,0.456542015075684,2.13490414619446,3.3296971321106
"996",0.459083080291748,0.735121965408325,2.13388681411743,3.60077595710754
"997",0.471430063247681,0.452483177185059,2.27170705795288,3.80797696113586
"998",0.47615385055542,0.450490951538086,2.45679593086243,3.00126504898071
"999",0.71759295463562,0.45555591583252,2.4348349571228,2.94587397575378
"1000",0.469460010528564,0.461413145065308,2.41082215309143,2.36998605728149
